{
    "produits": [
        {
            "id": 1,
            "nom": "Stylo",
            "prix": 10000,
            "stock": 50,
            "description": "Stylo à bille noir",
            "image": "/images/products/stylo.webp"
        },
        {
            "id": 2,
            "nom": "Cahier",
            "prix": 5000,
            "stock": 100,
            "description": "Cahier 100 pages",
            "image": "/images/products/cahier.jpg"
        },
        {
            "id": 3,
            "nom": "Gomme",
            "prix": 2000,
            "stock": 75,
            "description": "Gomme blanche",
            "image": "/images/products/gomme.jpg"
        },
        {
            "id": 4,
            "nom": "Règle",
            "prix": 3000,
            "stock": 30,
            "description": "Règle 30cm",
            "image": "/images/products/regle.jpg"
        },
        {
            "id": 5,
            "nom": "Trousse",
            "prix": 15000,
            "stock": 40,
            "description": "Trousse scolaire grande capacité",
            "image": "/images/products/trousse.jpg"
        },
        {
            "id": 6,
            "nom": "Calculatrice",
            "prix": 25000,
            "stock": 25,
            "description": "Calculatrice scientifique",
            "image": "/images/products/calculatrice.jpg"
        },
        {
            "id": 7,
            "nom": "Classeur",
            "prix": 8000,
            "stock": 60,
            "description": "Classeur A4 4 anneaux",
            "image": "/images/products/classeur.jpg"
        },
        {
            "id": 8,
            "nom": "Crayons de couleur",
            "prix": 12000,
            "stock": 45,
            "description": "Boîte de 24 crayons",
            "image": "/images/products/crayons-couleur.jpg"
        },
        {
            "id": 9,
            "nom": "Agenda",
            "prix": 18000,
            "stock": 35,
            "description": "Agenda scolaire 2025-2026",
            "image": "/images/products/agenda.jpg"
        },
        {
            "id": 10,
            "nom": "Marqueurs",
            "prix": 13000,
            "stock": 55,
            "description": "Set de 8 marqueurs fluorescents",
            "image": "/images/products/marqueurs.jpg"
        },
        {
            "id": 11,
            "nom": "Compas",
            "prix": 7000,
            "stock": 40,
            "description": "Compas métallique de précision",
            "image": "/images/products/compas.jpg"
        }
    ],
    "users": [
        {
            "id": 1,
            "email": "email@email.com",
            "password": "Password",
            "panier": [
                {
                    "productId": 1,
                    "quantity": 1
                },
                {
                    "productId": 3,
                    "quantity": 1
                },
                {
                    "productId": 4,
                    "quantity": 1
                }
            ],
            "nom": "John Doe"
        },
        {
            "id": 2,
            "email": "jane.doe@email.com",
            "password": "SecurePass123",
            "panier": [
                {
                    "productId": 4,
                    "quantity": 1
                },
                {
                    "productId": 11,
                    "quantity": 1
                },
                {
                    "productId": 8,
                    "quantity": 1
                }
            ],
            "nom": "Jane Doe"
        }
    ]
}